<?xml version="1.0" encoding="UTF-8"?>
<rss version="2.0" xmlns:atom="http://www.w3.org/2005/Atom">
    <channel>
        <title>Blue Button 2.0 Blog</title>
        <description>Updates, how-to guides, sample apps, and other useful content related to Blue Button 2.0 API</description>
        <link>https://bluebutton.cms.gov/blog</link>
        <atom:link href="https://bluebutton.cms.gov/feed.xml" rel="self" type="application/rss+xml" />
        
        <item>
            <title>­Check Out Updates to the Developer Documentation</title>
            <description>&lt;p&gt;Recently there has been an increase in questions on the &lt;a href=&quot;https://groups.google.com/forum/#!forum/Developer-group-for-cms-blue-button-api&quot;&gt;Blue Button Google Group&lt;/a&gt; about a ‘500 error’ when using the &lt;a href=&quot;https://sandbox.bluebutton.cms.gov/testclient/&quot;&gt;Test Client&lt;/a&gt;.&lt;/p&gt;

&lt;p&gt;A few changes have been made to help you avoid this issue when starting to use the Blue Button 2.0 API.&lt;/p&gt;

&lt;p&gt;Here are the changes that have been implemented:&lt;/p&gt;
&lt;ul&gt;
  &lt;li&gt;Added a warning to the &lt;a href=&quot;https://sandbox.bluebutton.cms.gov/testclient/&quot;&gt;Test Client&lt;/a&gt;&lt;/li&gt;
  &lt;li&gt;Updated the “&lt;a href=&quot;https://bluebutton.cms.gov/developers/#try-the-api&quot;&gt;Try the API&lt;/a&gt;” section of our Developer Documentation&lt;/li&gt;
&lt;/ul&gt;

&lt;h2 id=&quot;changes-to-the-test-client&quot;&gt;Changes to the Test Client&lt;/h2&gt;

&lt;p&gt;The &lt;a href=&quot;https://sandbox.bluebutton.cms.gov/testclient/&quot;&gt;Test Client&lt;/a&gt; was originally developed to enable simple testing of our secure Sandbox API. But if you are logged into your developer sandbox account and go through the authorization flow in the Test Client, you will get a 500 error. In order to reduce confusion and make testing easier, we’ve added a warning message and a logout link to the &lt;a href=&quot;https://sandbox.bluebutton.cms.gov/testclient/&quot;&gt;Test Client&lt;/a&gt;.&lt;/p&gt;

&lt;h2 id=&quot;changes-to-the-try-the-api-documentation&quot;&gt;Changes to the “Try the API” documentation&lt;/h2&gt;

&lt;p&gt;While diagnosing the 500 error on the &lt;a href=&quot;https://sandbox.bluebutton.cms.gov/testclient/&quot;&gt;Test Client&lt;/a&gt;, we discovered that our documentation for first-time users of the Blue Button 2.0 API was unclear and needed improvement.&lt;/p&gt;

&lt;p&gt;Instructions for users of the popular Postman developer tool have been provided in step 3 of the “&lt;a href=&quot;https://bluebutton.cms.gov/developers/#try-the-api&quot;&gt;Try the API&lt;/a&gt;” section of the documentation. These instructions are also easy to follow for developers who prefer to use the Insomnia app on Mac OS.&lt;/p&gt;

&lt;p&gt;In the “&lt;a href=&quot;https://bluebutton.cms.gov/developers/#try-the-api&quot;&gt;Try the API&lt;/a&gt;” section, we have highlighted the &lt;a href=&quot;http://medicare.gov/&quot;&gt;Medicare.gov&lt;/a&gt; synthetic beneficiary user IDs and passwords in each section where you might need to use them to authenticate.&lt;/p&gt;

&lt;p&gt;The documentation also reflects the switch to using a minus sign prefix to the FHIR Patient IDs for the Blue Button 2.0 synthetic records. When we added the synthetic beneficiaries and their claims to the production environment, we added a minus sign prefix to the FHIR ID to avoid any possibility of a collision between synthetic and real beneficiary records.&lt;/p&gt;

&lt;p&gt;Check out the documentation and let us know if there are other improvements we can make. As always, we welcome your feedback via the &lt;a href=&quot;https://groups.google.com/forum/#!forum/Developer-group-for-cms-blue-button-api&quot;&gt;Google Group&lt;/a&gt;.&lt;/p&gt;

&lt;hr /&gt;
&lt;h2 id=&quot;earlier-blog-posts&quot;&gt;Earlier Blog Posts&lt;/h2&gt;

&lt;p&gt;&lt;a href=&quot;/blog/&quot;&gt;Blog Index&lt;/a&gt;&lt;/p&gt;

&lt;h2 id=&quot;latest&quot;&gt;Latest&lt;/h2&gt;
&lt;p&gt;&lt;a href=&quot;/blog/category/latest.html&quot;&gt;Category:Latest&lt;/a&gt;&lt;/p&gt;

&lt;h2 id=&quot;general&quot;&gt;General&lt;/h2&gt;
&lt;p&gt;&lt;a href=&quot;/blog/category/general.html&quot;&gt;Category:General&lt;/a&gt;&lt;/p&gt;

&lt;h2 id=&quot;code&quot;&gt;Code&lt;/h2&gt;
&lt;p&gt;&lt;a href=&quot;/blog/category/code.html&quot;&gt;Category:Code&lt;/a&gt;&lt;/p&gt;
</description>
            <pubDate>Tue, 11 Feb 2020 07:00:00 -0500</pubDate>
            <link>https://bluebutton.cms.gov/blog/check-out-updates-to-the-developer-documentation.html</link>
            <guid isPermaLink="true">https://bluebutton.cms.gov/blog/check-out-updates-to-the-developer-documentation.html</guid>
        </item>
        
        <item>
            <title>Blue Button 2.0 API Update</title>
            <description>&lt;div class=&quot;ds-c-alert ds-c-alert--warn&quot;&gt;
    &lt;div class=&quot;ds-c-alert__body&quot;&gt;
      &lt;h3 class=&quot;ds-c-alert__heading&quot;&gt;12/27/2019 Update&lt;/h3&gt;
      &lt;p class=&quot;ds-c-alert__text&quot;&gt;
			Update – December 27, 2019: The Centers for Medicare &amp;amp; Medicaid Services (CMS) has conducted a full review of Blue Button 2.0, corrected the faulty code, implemented additional protections, and is resuming normal operations of the system. 
			&lt;br /&gt;
			&lt;br /&gt;
			The technical issue discovered on December 4th only impacted 30 authorized Blue Button 2.0 applications (apps). These apps will be able to reconnect to the Blue Button 2.0 API after providing CMS with written confirmation that they have implemented a plan to address incorrect data in their app. CMS has been working closely with app developers and appreciates their cooperation in resolving the matter as quickly as possible to ensure patient privacy is protected.  If you have any questions, please reach out to &lt;a href=&quot;mailto:BlueButtonAPI@cms.hhs.gov&quot;&gt;BlueButtonAPI@cms.hhs.gov&lt;/a&gt;.  
      &lt;/p&gt;
    &lt;/div&gt;
  &lt;/div&gt;

&lt;p&gt;On December 4th, a third-party application partner reported a data anomaly with the Blue Button 2.0 API (BB2.0). CMS verified the anomaly and immediately suspended access to the production environment. We discovered a bug in the BB2.0 codebase which may be causing certain beneficiary protected health information to be inadvertently shared with another beneficiary or the wrong BB2.0 application.&lt;/p&gt;

&lt;p&gt;The privacy and security of beneficiary health information is our top priority. CMS is contacting affected beneficiaries and third-party applications directly. Access to BB2.0 remains closed while we conduct a full review. Restoration of service is pending resolution of the issue.&lt;/p&gt;

&lt;p&gt;Please note that this issue only impacts BB2.0, not Plan Finder, Medicare.gov, or any other system. We have not detected any intrusion by unauthorized users and system integrity has not been compromised by any external source.&lt;/p&gt;

&lt;h2 id=&quot;what-happened&quot;&gt;What happened?&lt;/h2&gt;

&lt;p&gt;Medicare beneficiaries use BB2.0 to authorize third-party applications to access their own Medicare claims data. The BB2.0 system verifies user credentials with a CMS identity management system, ensuring correct beneficiary data is passed to the third-party application. In order to do this, BB2.0 identifies beneficiaries based on a randomly generated, unique user ID returned by the identity management system. We discovered BB2.0 was truncating a 128-bit user ID to a 96-bit user ID. The 96-bits remaining were not sufficiently random to uniquely identify a single user. This resulted in the same truncated user ID being assigned to different beneficiaries. Because BB2.0 was truncating the user ID provided by the identity management system, some beneficiaries with the same truncated ID were passed data pertaining to other users via BB2.0.&lt;/p&gt;

&lt;p&gt;The root cause for the incident is clear and CMS is taking steps to better understand how this bug occurred. Early takeaways include:&lt;/p&gt;
&lt;ul&gt;
  &lt;li&gt;Code Review – The current BB2.0 team has a strong culture of code review in place. The code that caused this bug was committed on January 11, 2018. Based on check-in notes around the change, it appears that a comprehensive review was not completed. A more comprehensive review may have identified this coding error.&lt;/li&gt;
  &lt;li&gt;Testing – CMS uses synthetic data to test BB2.0 to verify functionality without risking beneficiary personal health information (PHI). In an attempt to protect PHI, integration with other systems, such as the identity management system, was not tested. Early reviews of test scenarios would have highlighted the gap in integration testing.&lt;/li&gt;
  &lt;li&gt;Cross Team Collaboration – The code that generates the user ID token is run by a separate identity management team. Assumptions were made by the BB2.0 team about how the token works and were not validated. Better collaboration across enterprise teams could have ensured that necessary information was present in decision making.&lt;/li&gt;
&lt;/ul&gt;

&lt;h2 id=&quot;what-is-cms-doing-now&quot;&gt;What is CMS doing now?&lt;/h2&gt;

&lt;p&gt;CMS is taking several steps to address these takeaways. The BB2.0 team has implemented an enhanced quality review and validation process to ensure code issues like this one are caught before any new code is committed to BB2.0 or any CMS APIs. The team is implementing additional monitoring and alerting for BB2.0.  This will enhance CMS’s ability to track BB2.0’s use.&lt;/p&gt;

&lt;p&gt;CMS is updating BB2.0 code to store the full user ID instead of a truncated version. All users will be asked to re-authenticate with BB2.0 to allow the system to generate a new user ID. In addition, the team is conducting a full code review and implementing any necessary changes to protect against this type of error in the future.&lt;/p&gt;

&lt;p&gt;This technical issue potentially affected less than 10,000 beneficiaries and 30 apps. It was contained to Blue Button 2.0 API authorized users and developers – not Medicare beneficiaries more broadly or outside entities. CMS will communicate directly with affected beneficiaries in the coming weeks through a letter. After the agency completes an in-depth analysis of the impact to affected beneficiaries, CMS will determine necessary additional protections to offer affected beneficiaries (e.g., credit monitoring, a Special Enrollment Period).&lt;/p&gt;

&lt;p&gt;CMS will be contacting production apps directly in the next two weeks to provide more information about specific next steps for them to take.&lt;/p&gt;

&lt;h2 id=&quot;what-is-cms-doing-prior-to-restoring-service&quot;&gt;What is CMS doing prior to restoring service?&lt;/h2&gt;

&lt;p&gt;CMS has implemented new processes for documenting code changes, improvements include:&lt;/p&gt;
&lt;ul&gt;
  &lt;li&gt;All code changes use a template that surfaces the reason, intention, and consequences of the change.&lt;/li&gt;
  &lt;li&gt;All code commits are descriptive and testing must be conducted for changes.&lt;/li&gt;
  &lt;li&gt;A request for comment process has been implemented that requires developers to document system behavioral changes.&lt;/li&gt;
  &lt;li&gt;Test scenarios are reviewed and documented to confirm code has the intended impact.&lt;/li&gt;
&lt;/ul&gt;

&lt;p&gt;Before restoring the BB2.0 API, the team will be implementing a layered approach to audit tracking.&lt;/p&gt;
&lt;ul&gt;
  &lt;li&gt;Auditing will be enabled at the database level, to log from the bottom up, as well as at the API level. This additional logging will provide more details into user activity and provide more traceability into actions taken by the API.&lt;/li&gt;
  &lt;li&gt;Monitoring and alerting will be enhanced to notify CMS of any unexpected changes in the data to ensure unintended changes are prevented.&lt;/li&gt;
&lt;/ul&gt;

&lt;p&gt;A timeline is not yet available for when service will be restored, but we will continue to provide updates as they are available.&lt;/p&gt;

&lt;p&gt;&lt;strong&gt;Impacted Applications:&lt;/strong&gt;&lt;/p&gt;
&lt;ul&gt;
  &lt;li&gt;1upHealth&lt;/li&gt;
  &lt;li&gt;Achievement&lt;/li&gt;
  &lt;li&gt;Advise delivered by Ascend Quote &amp;amp; Enrollment&lt;/li&gt;
  &lt;li&gt;Allwell - Absolute Total Care delivered by Ascend Quote &amp;amp; Enrollment&lt;/li&gt;
  &lt;li&gt;Allwell - Arizona Complete Health delivered by Ascend Quote &amp;amp; Enrollment&lt;/li&gt;
  &lt;li&gt;Allwell - Arkansas Health &amp;amp; Wellness delivered by Ascend Quote &amp;amp; Enrollment&lt;/li&gt;
  &lt;li&gt;Allwell - Buckeye Health Plan delivered by Ascend Quote &amp;amp; Enrollment&lt;/li&gt;
  &lt;li&gt;Allwell - Home State Health delivered by Ascend Quote &amp;amp; Enrollment&lt;/li&gt;
  &lt;li&gt;Allwell - Louisiana Healthcare Connections delivered by Ascend Quote &amp;amp; Enrollment&lt;/li&gt;
  &lt;li&gt;Allwell - Magnolia Healthplan delivered by Ascend Quote &amp;amp; Enrollment&lt;/li&gt;
  &lt;li&gt;Allwell - Sunflower Health Plan delivered by Ascend Quote &amp;amp; Enrollment&lt;/li&gt;
  &lt;li&gt;Allwell - Superior Health Plan delivered by Ascend Quote &amp;amp; Enrollment&lt;/li&gt;
  &lt;li&gt;Ascension Complete - Florida&lt;/li&gt;
  &lt;li&gt;Ascension Complete - Kansas delivered by Ascend Quote &amp;amp; Enrollment&lt;/li&gt;
  &lt;li&gt;BlueButtonPro&lt;/li&gt;
  &lt;li&gt;DocSpera&lt;/li&gt;
  &lt;li&gt;Enroll Hero&lt;/li&gt;
  &lt;li&gt;Evidation&lt;/li&gt;
  &lt;li&gt;Get Your Health Record&lt;/li&gt;
  &lt;li&gt;Human API&lt;/li&gt;
  &lt;li&gt;Humana&lt;/li&gt;
  &lt;li&gt;iBlueButton&lt;/li&gt;
  &lt;li&gt;Medicare Suggest&lt;/li&gt;
  &lt;li&gt;MedRecordsConnect&lt;/li&gt;
  &lt;li&gt;myFHR&lt;/li&gt;
  &lt;li&gt;Project Baseline&lt;/li&gt;
  &lt;li&gt;Project Seamless&lt;/li&gt;
  &lt;li&gt;Prominence Health Plan delivered by Ascend Quote &amp;amp; Enrollment&lt;/li&gt;
  &lt;li&gt;Rush University Medical Center&lt;/li&gt;
  &lt;li&gt;Trusty.care&lt;/li&gt;
&lt;/ul&gt;

&lt;hr /&gt;
&lt;h2 id=&quot;earlier-blog-posts&quot;&gt;Earlier Blog Posts&lt;/h2&gt;

&lt;p&gt;&lt;a href=&quot;/blog/&quot;&gt;Blog Index&lt;/a&gt;&lt;/p&gt;

&lt;h2 id=&quot;latest&quot;&gt;Latest&lt;/h2&gt;
&lt;p&gt;&lt;a href=&quot;/blog/category/latest.html&quot;&gt;Category:Latest&lt;/a&gt;&lt;/p&gt;

&lt;h2 id=&quot;general&quot;&gt;General&lt;/h2&gt;
&lt;p&gt;&lt;a href=&quot;/blog/category/general.html&quot;&gt;Category:General&lt;/a&gt;&lt;/p&gt;

&lt;h2 id=&quot;code&quot;&gt;Code&lt;/h2&gt;
&lt;p&gt;&lt;a href=&quot;/blog/category/code.html&quot;&gt;Category:Code&lt;/a&gt;&lt;/p&gt;
</description>
            <pubDate>Mon, 16 Dec 2019 07:00:00 -0500</pubDate>
            <link>https://bluebutton.cms.gov/blog/bbapi-update.html</link>
            <guid isPermaLink="true">https://bluebutton.cms.gov/blog/bbapi-update.html</guid>
        </item>
        
        <item>
            <title>Ensuring Beneficiary Privacy and Security Through New Application Onboarding Requirements</title>
            <description>&lt;p&gt;As adoption of the Blue Button 2.0 API (BB2.0 API) grows, the CMS Blue Button team continues to look at ways to improve the API and stay current with evolving standards. A primary goal for CMS with the BB2.0 API is to help beneficiaries make more informed choices about the applications they use and the data they share. To enhance the security and privacy posture for Medicare beneficiaries using the BB2.0 API, we are pleased to announce the following changes to our service:&lt;/p&gt;

&lt;ol&gt;
  &lt;li&gt;New requirements for third-party applications seeking access to Medicare claims data through the BB2.0 API, described below.&lt;/li&gt;
  &lt;li&gt;A feature enhancement to enable beneficiaries to choose whether they want to share their demographic information with a given application (&lt;a href=&quot;/blog/giving-beneficiaries-more-granular-choice-of-data-sharing-copy.html&quot;&gt;more information on this enhancement available here&lt;/a&gt;).&lt;/li&gt;
&lt;/ol&gt;

&lt;h2 id=&quot;whats-changing&quot;&gt;What’s Changing?&lt;/h2&gt;

&lt;p&gt;We’ll be rolling out new requirements and modifying the process by which the CMS BB2.0 API team considers applications for production access to provide more clarity around our expectations for what an application needs to do to gain production access to the API. We expect this new documentation and process will lead to faster onboarding of third-party applications and ultimately improve the security and privacy of beneficiary data.&lt;/p&gt;

&lt;p&gt;The new requirements consist of the following documents:&lt;/p&gt;

&lt;ul&gt;
  &lt;li&gt;A &lt;a href=&quot;/guide/&quot;&gt;production access user guide&lt;/a&gt; that describes our general expectations around what information applications will need to detail in their privacy policies and terms of service, how we expect applications to ensure beneficiaries stay informed about the privacy and security of their data, and the production access application process for third party applications seeking access to the BB2.0 API.&lt;/li&gt;
  &lt;li&gt;A &lt;a href=&quot;/checklist/&quot;&gt;production access checklist&lt;/a&gt; that will help organizations know what they need to do to prepare their production access application. Each application will have to adhere to the guidelines in the checklist to gain production access. We’ll review each application’s answers as part of the application’s demo to the BB2.0 API team.&lt;/li&gt;
  &lt;li&gt;Updated &lt;a href=&quot;/terms/&quot;&gt;BB2.0 API terms of service&lt;/a&gt;, which now align more closely with the privacy and security features we expect to see in the privacy policies and documentation of third-party applications using the API. Updates include changes to modal verbs throughout, such as applications “must” display the attribution notice within the application rather than “shall,” and the addition of a section indicating that applications agree to use the API consistent with our framework of transparency, consent, use and disclosure, individual access, security, data quality and accountability.&lt;/li&gt;
&lt;/ul&gt;

&lt;p&gt;&lt;strong&gt;Effective today, applications seeking production access to the BB2.0 API will be required to adhere to the requirements outlined in the user guide, checklist, and updated terms of service.&lt;/strong&gt;&lt;/p&gt;

&lt;p&gt;&lt;strong&gt;Existing production applications will have until March 31st, 2020, to adhere to the new requirements and new terms of service, and meet with the CMS BB2.0 API team to demonstrate adherence to the new requirements.&lt;/strong&gt;&lt;/p&gt;

&lt;h2 id=&quot;what-does-this-mean-for-existing-production-applications&quot;&gt;What does this mean for existing production applications?&lt;/h2&gt;

&lt;p&gt;Organizations with applications that are currently in production will continue to have access to Blue Button under the existing terms of service until March 31st, 2020. However, before March 31st, 2020, an organization currently in production must review the new terms of service, user guide, and checklist, and seek re-approval from the CMS team to demonstrate adherence to the new requirements in order to maintain access to the API. Once an organization believes it is fulfilling all items detailed in the user guide and checklist and adheres to the new terms of service, they should email &lt;a href=&quot;mailto:bluebuttonapi@cms.hhs.gov&quot;&gt;bluebuttonapi@cms.hhs.gov&lt;/a&gt; to set up a meeting with the CMS team to review.&lt;/p&gt;

&lt;p&gt;&lt;strong&gt;Every application currently in production will require re-review to ensure compliance with the new requirements by March 31st, 2020&lt;/strong&gt;. Many apps may already comply with, or even exceed, our new requirements - and we’re committed to working together to make the re review process as easy as possible. You can use our guides, mentioned above, to prepare and you can also reach out to us with any questions or concerns by contacting the BB2.0 email, above.&lt;/p&gt;

&lt;p&gt;Once your app is ready for a re-review meeting submit your request for an “application review meeting” via email to &lt;a href=&quot;mailto:bluebuttonapi@cms.hhs.gov&quot;&gt;bluebuttonapi@cms.hhs.gov&lt;/a&gt;.&lt;/p&gt;

&lt;h2 id=&quot;what-does-this-mean-for-applications-looking-to-request-production-access-to-blue-button-for-the-first-time&quot;&gt;What does this mean for applications looking to request production access to Blue Button for the first time?&lt;/h2&gt;

&lt;p&gt;&lt;strong&gt;Effective 11/14/2019 (today), organizations seeking production access to the API must adhere to the requirements detailed in the user guide, checklist, and updated terms of service&lt;/strong&gt;. In order to gain production access, an organization should start by reviewing the &lt;a href=&quot;/terms/&quot;&gt;updated terms of service&lt;/a&gt;, &lt;a href=&quot;/guide/&quot;&gt;user guide&lt;/a&gt;, and &lt;a href=&quot;/checklist/&quot;&gt;checklist&lt;/a&gt;. Once an organization believes it is fulfilling all the requirements detailed in the checklist and is adherent to the new terms of service, they should email bluebuttonapi@cms.hhs.gov to set up a production access demonstration meeting with the CMS team.&lt;/p&gt;

&lt;p&gt;We are confident this new process and requirements will result in a faster onboarding process and more robust security and privacy practices for our third-party applications and ultimately (and most importantly) result in a better experience and increased privacy and security for Medicare beneficiaries.&lt;/p&gt;

&lt;hr /&gt;
&lt;h2 id=&quot;earlier-blog-posts&quot;&gt;Earlier Blog Posts&lt;/h2&gt;

&lt;p&gt;&lt;a href=&quot;/blog/&quot;&gt;Blog Index&lt;/a&gt;&lt;/p&gt;

&lt;h2 id=&quot;latest&quot;&gt;Latest&lt;/h2&gt;
&lt;p&gt;&lt;a href=&quot;/blog/category/latest.html&quot;&gt;Category:Latest&lt;/a&gt;&lt;/p&gt;

&lt;h2 id=&quot;general&quot;&gt;General&lt;/h2&gt;
&lt;p&gt;&lt;a href=&quot;/blog/category/general.html&quot;&gt;Category:General&lt;/a&gt;&lt;/p&gt;

&lt;h2 id=&quot;code&quot;&gt;Code&lt;/h2&gt;
&lt;p&gt;&lt;a href=&quot;/blog/category/code.html&quot;&gt;Category:Code&lt;/a&gt;&lt;/p&gt;
</description>
            <pubDate>Thu, 14 Nov 2019 07:30:00 -0500</pubDate>
            <link>https://bluebutton.cms.gov/blog/ensuring-beneficiary-privacy-and-security-through-new-application-onboarding-requirements.html</link>
            <guid isPermaLink="true">https://bluebutton.cms.gov/blog/ensuring-beneficiary-privacy-and-security-through-new-application-onboarding-requirements.html</guid>
        </item>
        
        <item>
            <title>Giving Beneficiaries More Granular Choice of Data Sharing</title>
            <description>&lt;p&gt;As adoption of the Blue Button 2.0 API (BB2.0 API) grows, the CMS Blue Button team continues to look at ways to improve the API and stay current with evolving standards. A primary goal for CMS with the BB2.0 API is to help beneficiaries make informed choices about the applications they use and the data they share. To enhance the security and privacy posture for Medicare beneficiaries using the BB2.0 API, we are pleased to announce two changes to the API:&lt;/p&gt;

&lt;ol&gt;
  &lt;li&gt;A feature enhancement to enable beneficiaries to choose whether they want to share their demographic information with a given application. This change is described in more detail below.&lt;/li&gt;
  &lt;li&gt;&lt;a href=&quot;/blog/ensuring-beneficiary-privacy-and-security-through-new-application-onboarding-requirements.html&quot;&gt;Updates to the BB2.0 API Terms of Service, described in more detail here&lt;/a&gt;.&lt;/li&gt;
&lt;/ol&gt;

&lt;h2 id=&quot;what-does-this-new-choice-mean&quot;&gt;What does this new choice mean?&lt;/h2&gt;

&lt;p&gt;Beginning March 31st, 2020, the application authorization process will allow beneficiaries to choose not to share personally identifying demographic information (e.g., name, date of birth) with applications.&lt;/p&gt;

&lt;p&gt;Beneficiary demographic information like name, race, gender, birthday, and address is stored in the patient resource. This change will allow beneficiaries to elect not to share that demographic data. Developers of applications that rely on demographic data for their application will need to collect that information elsewhere in the user flow should the beneficiary not allow it to be shared through Blue Button 2.0.&lt;/p&gt;

&lt;p&gt;To allow developers to test this new functionality, CMS will introduce the new choice feature into &lt;a href=&quot;https://sandbox.bluebutton.cms.gov&quot;&gt;sandbox.bluebutton.cms.gov&lt;/a&gt; in two phases over the coming months:&lt;/p&gt;

&lt;ul&gt;
  &lt;li&gt;Phase 1: The beneficiary authorization screen will be modified to enable a choice to share beneficiary demographic data.&lt;/li&gt;
  &lt;li&gt;Phase 2: Applications will be able to define the scopes they want to request in their application configuration. If they don’t require demographic information, the beneficiary authorization screen will not prompt for a choice to be made.&lt;/li&gt;
&lt;/ul&gt;

&lt;p&gt;At this time, the default setting for demographic data will be for sharing enabled. This may change in the future as we monitor beneficiaries’ choices and feedback.&lt;/p&gt;

&lt;h2 id=&quot;what-differences-will-i-see-in-the-api&quot;&gt;What differences will I see in the API?&lt;/h2&gt;

&lt;p&gt;If a beneficiary chooses to NOT share their demographic information, an application will need to handle the return of a 403 status code from the following API endpoints:&lt;/p&gt;

&lt;div class=&quot;highlighter-rouge&quot;&gt;&lt;div class=&quot;highlight&quot;&gt;&lt;pre class=&quot;highlight&quot;&gt;&lt;code&gt;/v1/fhir/Patient
&lt;/code&gt;&lt;/pre&gt;&lt;/div&gt;&lt;/div&gt;

&lt;div class=&quot;highlighter-rouge&quot;&gt;&lt;div class=&quot;highlight&quot;&gt;&lt;pre class=&quot;highlight&quot;&gt;&lt;code&gt;/v1/connect/userinfo
&lt;/code&gt;&lt;/pre&gt;&lt;/div&gt;&lt;/div&gt;

&lt;h2 id=&quot;enabling-apps-to-request-data-scopes&quot;&gt;Enabling Apps to request data scopes&lt;/h2&gt;

&lt;p&gt;Behind the scenes of the Blue Button 2.0 API, we have implemented HL7 FHIR scopes to manage access to beneficiary data. These scopes look like this:&lt;/p&gt;

&lt;div class=&quot;highlighter-rouge&quot;&gt;&lt;div class=&quot;highlight&quot;&gt;&lt;pre class=&quot;highlight&quot;&gt;&lt;code&gt;patient/Patient.read
&lt;/code&gt;&lt;/pre&gt;&lt;/div&gt;&lt;/div&gt;

&lt;div class=&quot;highlighter-rouge&quot;&gt;&lt;div class=&quot;highlight&quot;&gt;&lt;pre class=&quot;highlight&quot;&gt;&lt;code&gt;patient/Coverage.read
&lt;/code&gt;&lt;/pre&gt;&lt;/div&gt;&lt;/div&gt;

&lt;div class=&quot;highlighter-rouge&quot;&gt;&lt;div class=&quot;highlight&quot;&gt;&lt;pre class=&quot;highlight&quot;&gt;&lt;code&gt;patient/ExplanationOfBenefit.read
&lt;/code&gt;&lt;/pre&gt;&lt;/div&gt;&lt;/div&gt;

&lt;p&gt;From the OpenID Connect specification we support:&lt;/p&gt;

&lt;div class=&quot;highlighter-rouge&quot;&gt;&lt;div class=&quot;highlight&quot;&gt;&lt;pre class=&quot;highlight&quot;&gt;&lt;code&gt;profile
&lt;/code&gt;&lt;/pre&gt;&lt;/div&gt;&lt;/div&gt;

&lt;p&gt;This gives access to the &lt;code class=&quot;highlighter-rouge&quot;&gt;/v1/connect/UserInfo&lt;/code&gt; Endpoint.&lt;/p&gt;

&lt;p&gt;In phase two, CMS will enable applications to select the scopes they require for their application. If an application does not require the beneficiary demographic information, the &lt;code class=&quot;highlighter-rouge&quot;&gt;patient/Patient.read&lt;/code&gt; and &lt;code class=&quot;highlighter-rouge&quot;&gt;profile&lt;/code&gt; scopes can be excluded from the application’s profile.&lt;/p&gt;

&lt;hr /&gt;
&lt;h2 id=&quot;earlier-blog-posts&quot;&gt;Earlier Blog Posts&lt;/h2&gt;

&lt;p&gt;&lt;a href=&quot;/blog/&quot;&gt;Blog Index&lt;/a&gt;&lt;/p&gt;

&lt;h2 id=&quot;latest&quot;&gt;Latest&lt;/h2&gt;
&lt;p&gt;&lt;a href=&quot;/blog/category/latest.html&quot;&gt;Category:Latest&lt;/a&gt;&lt;/p&gt;

&lt;h2 id=&quot;general&quot;&gt;General&lt;/h2&gt;
&lt;p&gt;&lt;a href=&quot;/blog/category/general.html&quot;&gt;Category:General&lt;/a&gt;&lt;/p&gt;

&lt;h2 id=&quot;code&quot;&gt;Code&lt;/h2&gt;
&lt;p&gt;&lt;a href=&quot;/blog/category/code.html&quot;&gt;Category:Code&lt;/a&gt;&lt;/p&gt;
</description>
            <pubDate>Thu, 14 Nov 2019 07:30:00 -0500</pubDate>
            <link>https://bluebutton.cms.gov/blog/giving-beneficiaries-more-granular-choice-of-data-sharing-copy.html</link>
            <guid isPermaLink="true">https://bluebutton.cms.gov/blog/giving-beneficiaries-more-granular-choice-of-data-sharing-copy.html</guid>
        </item>
        
        <item>
            <title>Sandbox Users! We are Changing the Patient Identifier</title>
            <description>&lt;p&gt;On July 22nd, the Blue Button 2.0 team will make a change to apply a minus sign prefix to the Patient Identifier, the FHIR ID, in the patient records in our sandbox environment. This change will ensure that synthetic records are formatted the same way in both the sandbox and production environments.&lt;/p&gt;

&lt;p&gt;When we added synthetic beneficiaries and their claims to the production environment last year, we added a minus sign prefix to the FHIR ID to avoid any possibility of a collision between synthetic and real beneficiary records. &lt;strong&gt;Now, we are applying the same minus prefix to the FHIR ID in our sandbox environment.&lt;/strong&gt;&lt;/p&gt;

&lt;p&gt;We believe this change will be beneficial for developers since test records will be the same in both the sandbox and production environments. However, for some developers, this change may cause issues for your application in certain scenarios where the patient FHIR Identifier is used across more than one communication session with the Blue Button 2.0 API.&lt;/p&gt;

&lt;h2 id=&quot;how-will-this-affect-my-application&quot;&gt;How will this affect my Application?&lt;/h2&gt;

&lt;p&gt;Your application will only be affected if you have a test user account and your application uses and stores the FHIR ID for use between sessions. If this is the case, then this change will break your application and you will need to modify your user data tables to switch to the new negative prefixed identifier.&lt;/p&gt;

&lt;p&gt;All other users should not be impacted. This includes developers with an application already approved for production since we are not making any changes to production data.&lt;/p&gt;

&lt;h2 id=&quot;will-you-provide-reminders-in-advance-of-this-change&quot;&gt;Will you provide reminders in advance of this change?&lt;/h2&gt;

&lt;p&gt;Yes, since this change has the potential to impact developers who are in active development in our sandbox, we will be posting notices in our Google Support Group on a regular basis as we approach the planned cutover date of July 22nd.&lt;/p&gt;

&lt;p&gt;As always, we welcome you feedback. Just head over to the &lt;a href=&quot;https://groups.google.com/forum/#!forum/Developer-group-for-cms-blue-button-api&quot;&gt;Google Support Group&lt;/a&gt; and leave your comments.&lt;/p&gt;

&lt;hr /&gt;
&lt;h2 id=&quot;earlier-blog-posts&quot;&gt;Earlier Blog Posts&lt;/h2&gt;

&lt;p&gt;&lt;a href=&quot;/blog/&quot;&gt;Blog Index&lt;/a&gt;&lt;/p&gt;

&lt;h2 id=&quot;latest&quot;&gt;Latest&lt;/h2&gt;
&lt;p&gt;&lt;a href=&quot;/blog/category/latest.html&quot;&gt;Category:Latest&lt;/a&gt;&lt;/p&gt;

&lt;h2 id=&quot;general&quot;&gt;General&lt;/h2&gt;
&lt;p&gt;&lt;a href=&quot;/blog/category/general.html&quot;&gt;Category:General&lt;/a&gt;&lt;/p&gt;

&lt;h2 id=&quot;code&quot;&gt;Code&lt;/h2&gt;
&lt;p&gt;&lt;a href=&quot;/blog/category/code.html&quot;&gt;Category:Code&lt;/a&gt;&lt;/p&gt;
</description>
            <pubDate>Tue, 02 Jul 2019 08:30:00 -0400</pubDate>
            <link>https://bluebutton.cms.gov/blog/sandbox-users-we-are-changing-the-patient-identifier.html</link>
            <guid isPermaLink="true">https://bluebutton.cms.gov/blog/sandbox-users-we-are-changing-the-patient-identifier.html</guid>
        </item>
        
        <item>
            <title>List of Production Applications Integrated with Blue Button 2.0 Now on Medicare.gov</title>
            <description>&lt;p&gt;On Tuesday, February 12th at HIMSS19, CMS Administrator Seema Verma announced the publication of the list of the production applications connected to the Blue Button 2.0 API on Medicare.gov – you can find the list at: &lt;a href=&quot;http://go.cms.gov/bluebuttonapps&quot;&gt;http://go.cms.gov/bluebuttonapps&lt;/a&gt;. This announcement demonstrates CMS’ ongoing commitment to MyHealthEData, a government-wide initiative to empower patients by giving them control of their healthcare data and allowing it to follow them through their healthcare journey.&lt;/p&gt;

&lt;p&gt;We believe increasing beneficiary awareness about the wide variety of applications available that leverage the Blue Button 2.0 API will continue to drive beneficiary participation in this innovative program. To assist beneficiaries in finding an application that meets their needs, CMS has grouped the apps into five categories:&lt;/p&gt;
&lt;ul&gt;
  &lt;li&gt;Organize &amp;amp; share medical information &amp;amp; claims&lt;/li&gt;
  &lt;li&gt;Find plans&lt;/li&gt;
  &lt;li&gt;Check your symptoms&lt;/li&gt;
  &lt;li&gt;Make appointments &amp;amp; contact providers&lt;/li&gt;
  &lt;li&gt;Connect to research&lt;/li&gt;
&lt;/ul&gt;

&lt;p&gt;We currently have 19 applications connected to the Blue Button 2.0 API. And we are looking forward to adding even more applications as our amazing developer community, which now exceeds 1,700 developers, works to develop tools to serve Medicare beneficiaries and their caregivers. We will be keeping the list of applications on Medicare.gov up to date as new applications are approved for Blue Button 2.0.&lt;/p&gt;

&lt;p&gt;We love to hear from our developer community, and we encourage you to give us feedback via our &lt;a href=&quot;https://groups.google.com/forum/#!forum/Developer-group-for-cms-blue-button-api&quot;&gt;Google Group&lt;/a&gt;.&lt;/p&gt;

&lt;hr /&gt;
&lt;h2 id=&quot;earlier-blog-posts&quot;&gt;Earlier Blog Posts&lt;/h2&gt;

&lt;p&gt;&lt;a href=&quot;/blog/&quot;&gt;Blog Index&lt;/a&gt;&lt;/p&gt;

&lt;h2 id=&quot;latest&quot;&gt;Latest&lt;/h2&gt;
&lt;p&gt;&lt;a href=&quot;/blog/category/latest.html&quot;&gt;Category:Latest&lt;/a&gt;&lt;/p&gt;

&lt;h2 id=&quot;general&quot;&gt;General&lt;/h2&gt;
&lt;p&gt;&lt;a href=&quot;/blog/category/general.html&quot;&gt;Category:General&lt;/a&gt;&lt;/p&gt;

&lt;h2 id=&quot;code&quot;&gt;Code&lt;/h2&gt;
&lt;p&gt;&lt;a href=&quot;/blog/category/code.html&quot;&gt;Category:Code&lt;/a&gt;&lt;/p&gt;
</description>
            <pubDate>Fri, 12 Apr 2019 08:30:00 -0400</pubDate>
            <link>https://bluebutton.cms.gov/blog/list-of-production-apps-approved-with-blue-button.html</link>
            <guid isPermaLink="true">https://bluebutton.cms.gov/blog/list-of-production-apps-approved-with-blue-button.html</guid>
        </item>
        
        <item>
            <title>More Frequent Prescription Data Updates</title>
            <description>&lt;p&gt;Developers, you asked if we could update Part D prescription claims more frequently than monthly. We heard you!&lt;/p&gt;

&lt;p&gt;We are pleased to announce that Medicare Part D prescription data will now be updated weekly instead of monthly to match the update frequency of the Medicare Part A and B claims data.&lt;/p&gt;

&lt;p&gt;We look forward to our developer community taking advantage of this improvement to provide more timely information to Medicare beneficiaries as part of MyHealthEData. Through MyHealthEData, CMS will empower patients to be in control of their digital and personal health as well as make decisions as healthcare consumers.&lt;/p&gt;

&lt;p&gt;As always, we welcome your feedback - just head over to the Google Group and leave us a message.&lt;/p&gt;

&lt;hr /&gt;
&lt;h2 id=&quot;earlier-blog-posts&quot;&gt;Earlier Blog Posts&lt;/h2&gt;

&lt;p&gt;&lt;a href=&quot;/blog/&quot;&gt;Blog Index&lt;/a&gt;&lt;/p&gt;

&lt;h2 id=&quot;latest&quot;&gt;Latest&lt;/h2&gt;
&lt;p&gt;&lt;a href=&quot;/blog/category/latest.html&quot;&gt;Category:Latest&lt;/a&gt;&lt;/p&gt;

&lt;h2 id=&quot;general&quot;&gt;General&lt;/h2&gt;
&lt;p&gt;&lt;a href=&quot;/blog/category/general.html&quot;&gt;Category:General&lt;/a&gt;&lt;/p&gt;

&lt;h2 id=&quot;code&quot;&gt;Code&lt;/h2&gt;
&lt;p&gt;&lt;a href=&quot;/blog/category/code.html&quot;&gt;Category:Code&lt;/a&gt;&lt;/p&gt;
</description>
            <pubDate>Fri, 15 Mar 2019 08:30:00 -0400</pubDate>
            <link>https://bluebutton.cms.gov/blog/more-frequent-prescription-data-updates.html</link>
            <guid isPermaLink="true">https://bluebutton.cms.gov/blog/more-frequent-prescription-data-updates.html</guid>
        </item>
        
        <item>
            <title>Introducing Native Mobile App Support</title>
            <description>&lt;h2 id=&quot;introducing-native-mobile-app-support&quot;&gt;Introducing Native Mobile App Support&lt;/h2&gt;

&lt;p&gt;We are excited to announce a new feature for the Blue Button 2.0 API: Native Mobile App Support.&lt;/p&gt;

&lt;h2 id=&quot;a-standards-based-api&quot;&gt;A Standards-based API&lt;/h2&gt;

&lt;p&gt;The Blue Button 2.0 API has always embraced being a developer-friendly, standards-based API. We are excited to support a new capability that has been released in the OAuth 2.0 specification, &lt;a href=&quot;https://tools.ietf.org/html/rfc8252&quot;&gt;RFC 8252 - OAuth 2.0 for Native Apps&lt;/a&gt;. It is an authentication flow utilizing &lt;a href=&quot;https://tools.ietf.org/html/rfc7636&quot;&gt;RFC 7636 - Proof Key for Code Exchange by OAuth Public Clients&lt;/a&gt; (better known as &lt;a href=&quot;https://tools.ietf.org/html/rfc7636&quot;&gt;PKCE&lt;/a&gt; or “Pixie”) in conjunction with custom URI schemes to handle OAuth 2.0 redirects.&lt;/p&gt;

&lt;h2 id=&quot;implementing-native-mobile-app-support-in-your-app&quot;&gt;Implementing Native Mobile App Support in Your App&lt;/h2&gt;

&lt;p&gt;When you register an application with the Blue Button 2.0 API, you can enter a custom URI scheme as part of your &lt;code class=&quot;highlighter-rouge&quot;&gt;redirect_uri&lt;/code&gt;. We recommend the use of a reverse DNS for your custom URI scheme.&lt;/p&gt;

&lt;p&gt;Let’s use an example from the mobile app the Blue Button 2.0 engineering team created to test this new feature.&lt;/p&gt;

&lt;p&gt;Since we own the domain: &lt;code class=&quot;highlighter-rouge&quot;&gt;bluebutton.cms.gov&lt;/code&gt;&lt;/p&gt;

&lt;p&gt;We created a reverse DNS custom URI:&lt;/p&gt;
&lt;div class=&quot;language-bash highlighter-rouge&quot;&gt;&lt;div class=&quot;highlight&quot;&gt;&lt;pre class=&quot;highlight&quot;&gt;&lt;code&gt;gov.cms.bluebutton.oauthtester
&lt;/code&gt;&lt;/pre&gt;&lt;/div&gt;&lt;/div&gt;

&lt;p&gt;We then added the path to our callback handler in our mobile app:&lt;/p&gt;
&lt;div class=&quot;language-bash highlighter-rouge&quot;&gt;&lt;div class=&quot;highlight&quot;&gt;&lt;pre class=&quot;highlight&quot;&gt;&lt;code&gt;/oauth2redirect/example-provider
&lt;/code&gt;&lt;/pre&gt;&lt;/div&gt;&lt;/div&gt;

&lt;p&gt;When we put the entire &lt;code class=&quot;highlighter-rouge&quot;&gt;redirect_uri&lt;/code&gt; together we have:&lt;/p&gt;
&lt;div class=&quot;language-bash highlighter-rouge&quot;&gt;&lt;div class=&quot;highlight&quot;&gt;&lt;pre class=&quot;highlight&quot;&gt;&lt;code&gt;gov.cms.bluebutton.oauthtester://oauth2redirect/example-provider
&lt;/code&gt;&lt;/pre&gt;&lt;/div&gt;&lt;/div&gt;

&lt;p&gt;This is the value we enter in the &lt;code class=&quot;highlighter-rouge&quot;&gt;redirect_uri&lt;/code&gt; field in the application form on &lt;a href=&quot;https://sandbox.bluebutton.cms.gov/&quot;&gt;https://sandbox.bluebutton.cms.gov/&lt;/a&gt;.&lt;/p&gt;

&lt;h2 id=&quot;why-use-the-native-mobile-app-support-feature&quot;&gt;Why Use the Native Mobile App Support Feature?&lt;/h2&gt;

&lt;p&gt;Our Blue Button 2.0 developer community members are inventive. We have already seen some of you create mobile apps. Those apps invariably had to implement some type of proxy server that could handle a secure redirect over https/SSL and then push a notification to the mobile device that initiated the connection.&lt;/p&gt;

&lt;p&gt;Native Mobile App Support enables the entire token exchange process that is required as a prerequisite to accessing the data in the Blue Button 2.0 API to take place on the mobile device. Most importantly, the inclusion of &lt;a href=&quot;https://tools.ietf.org/html/rfc7636&quot;&gt;PKCE&lt;/a&gt; guards against a “man-in-the-middle” attack during the token exchange process.&lt;/p&gt;

&lt;p&gt;For mobile app developers this allows integration with the Blue Button 2.0 API to happen entirely on the mobile device without any dependency on an intermediary server. The mobile app can be completely self-contained.&lt;/p&gt;

&lt;h2 id=&quot;how-to-get-started-with-native-mobile-app-support&quot;&gt;How to Get Started with Native Mobile App Support&lt;/h2&gt;

&lt;p&gt;Find documentation on Native Mobile App Support in the &lt;a href=&quot;https://bluebutton.cms.gov/developers/#nativeMobileApp&quot;&gt;Blue Button documentation&lt;/a&gt;.&lt;/p&gt;

&lt;p&gt;A coding example of an OAuth 2.0 and PKCE flow is available here: &lt;a href=&quot;https://www.oauth.com/playground/authorization-code-with-pkce.html&quot;&gt;Authorization Code with PKCE Flow - OAuth 2.0 Playground&lt;/a&gt;&lt;/p&gt;

&lt;p&gt;The Blue Button 2.0 engineering team has also created a sample Android application. You can review or fork the code here: &lt;a href=&quot;https://github.com/CMSgov/bluebutton-sample-client-android&quot;&gt;https://github.com/CMSgov/bluebutton-sample-client-android&lt;/a&gt;&lt;/p&gt;

&lt;p&gt;We are excited to release this new capability and look forward to seeing the exciting things you create. You can share what you’re working on and any feedback you have on the &lt;a href=&quot;https://groups.google.com/forum/#!forum/Developer-group-for-cms-blue-button-api&quot;&gt;Google Group&lt;/a&gt;.&lt;/p&gt;

&lt;hr /&gt;
&lt;h2 id=&quot;earlier-blog-posts&quot;&gt;Earlier Blog Posts&lt;/h2&gt;

&lt;p&gt;&lt;a href=&quot;/blog/&quot;&gt;Blog Index&lt;/a&gt;&lt;/p&gt;

&lt;h2 id=&quot;latest&quot;&gt;Latest&lt;/h2&gt;
&lt;p&gt;&lt;a href=&quot;/blog/category/latest.html&quot;&gt;Category:Latest&lt;/a&gt;&lt;/p&gt;

&lt;h2 id=&quot;general&quot;&gt;General&lt;/h2&gt;
&lt;p&gt;&lt;a href=&quot;/blog/category/general.html&quot;&gt;Category:General&lt;/a&gt;&lt;/p&gt;

&lt;h2 id=&quot;code&quot;&gt;Code&lt;/h2&gt;
&lt;p&gt;&lt;a href=&quot;/blog/category/code.html&quot;&gt;Category:Code&lt;/a&gt;&lt;/p&gt;
</description>
            <pubDate>Thu, 07 Feb 2019 07:30:00 -0500</pubDate>
            <link>https://bluebutton.cms.gov/blog/introducing-native-mobile-app-support.html</link>
            <guid isPermaLink="true">https://bluebutton.cms.gov/blog/introducing-native-mobile-app-support.html</guid>
        </item>
        
        <item>
            <title>Install a Ruby on Rails Client App</title>
            <description>&lt;h2 id=&quot;installing-a-client-app-using-docker&quot;&gt;Installing a Client App Using Docker&lt;/h2&gt;

&lt;p&gt;We’ve added to our portfolio of sample client applications. This is the third in a &lt;a href=&quot;https://bluebutton.cms.gov/blog/More-Sample-Applications.html&quot;&gt;series of posts&lt;/a&gt; in which we work step-by-step through installing, configuring, and running our new sample applications.&lt;/p&gt;

&lt;p&gt;Today we will focus on the Ruby on Rails client. This post is slightly different from the previous posts because it takes you through installing the Ruby on Rails app in a Docker Container.&lt;/p&gt;

&lt;p&gt;You can get the code for the Ruby on Rails client app here:
&lt;a href=&quot;https://github.com/CMSgov/bluebutton-sample-client-rails&quot;&gt;https://github.com/CMSgov/bluebutton-sample-client-rails&lt;/a&gt;&lt;/p&gt;

&lt;p&gt;Installing the application on your own desktop is a quick and easy process and is well documented in the &lt;a href=&quot;https://github.com/CMSgov/bluebutton-sample-client-rails/blob/master/README.md&quot;&gt;README.md&lt;/a&gt; file.&lt;/p&gt;

&lt;p&gt;However, the installation does have a series of prerequisites: Docker, Docker-compose, and Virtualbox.&lt;/p&gt;

&lt;p&gt;For this post, we assume you are installing the application on a MacBook Pro running a current version of MacOS. Therefore, we will be using a unix-style shell for terminal access.&lt;/p&gt;

&lt;p&gt;The steps we will go through are:&lt;/p&gt;
&lt;ol&gt;
  &lt;li&gt;Get your Blue Button Developer Sandbox credentials&lt;/li&gt;
  &lt;li&gt;Prepare your environment&lt;/li&gt;
  &lt;li&gt;Get the Ruby on Rails code from GitHub&lt;/li&gt;
  &lt;li&gt;Configure the application credentials&lt;/li&gt;
  &lt;li&gt;Launch the virtual machine&lt;/li&gt;
  &lt;li&gt;Open your web browser and access the client application&lt;/li&gt;
&lt;/ol&gt;

&lt;h2 id=&quot;1-get-your-sandbox-credentials&quot;&gt;1. Get Your Sandbox Credentials&lt;/h2&gt;
&lt;p&gt;Anyone can register for an account in the Blue Button 2.0 Developer Sandbox. Go to &lt;a href=&quot;https://bluebutton.cms.gov&quot;&gt;https://bluebutton.cms.gov&lt;/a&gt; and click on the “Sign up for the Developer Sandbox” link to create an account. You will receive an email notification that your account has been created. &lt;strong&gt;Click on the link in the email to validate and activate your account.&lt;/strong&gt; Then you can log in at &lt;a href=&quot;https://sandbox.bluebutton.cms.gov/v1/accounts/mfa/login&quot;&gt;https://sandbox.bluebutton.cms.gov&lt;/a&gt;.&lt;/p&gt;

&lt;p&gt;Once you log into your Developer Sandbox account, you can create an application. Click on “&lt;a href=&quot;https://sandbox.bluebutton.cms.gov/v1/o/applications/&quot;&gt;Application Registration&lt;/a&gt;” and “&lt;a href=&quot;https://sandbox.bluebutton.cms.gov/v1/o/applications/register/&quot;&gt;Register a New Application&lt;/a&gt;”. Give your application a descriptive name. For example: “My Organization’s Claims Analyzer.”&lt;/p&gt;

&lt;p&gt;Set the Client Type and Authorization Grant fields as follows:&lt;/p&gt;
&lt;ul&gt;
  &lt;li&gt;Client Type: “Confidential”&lt;/li&gt;
  &lt;li&gt;Authorization Grant: “Authorization Code”&lt;/li&gt;
&lt;/ul&gt;

&lt;p&gt;The Redirect URIs field is where you can enter multiple URIs separated by a space, or on a new line / carriage return / Enter key. You will need the path to an endpoint where your application will be listening for a request from our API to provide you the results of an authorization request.
For the Ruby on Rails client application we are installing, the callback path for the &lt;code class=&quot;highlighter-rouge&quot;&gt;redirect_uri&lt;/code&gt; is: &lt;code class=&quot;highlighter-rouge&quot;&gt;http://localhost:3000/bluebutton/callback&lt;/code&gt;&lt;/p&gt;

&lt;p&gt;&lt;strong&gt;The above &lt;code class=&quot;highlighter-rouge&quot;&gt;redirect_uri&lt;/code&gt; setting is critically important.&lt;/strong&gt; If this does not match the IP address or domain name and path that your application is responding to, you will get an “Error: invalid_request” after authorizing a user.&lt;/p&gt;

&lt;p&gt;Copy the &lt;strong&gt;Client ID&lt;/strong&gt; and &lt;strong&gt;Client Secret&lt;/strong&gt; values. You will need these to set up your application. Fill out the other fields in the form and click “&lt;strong&gt;Save&lt;/strong&gt;.”&lt;/p&gt;

&lt;h2 id=&quot;2-prepare-your-environment&quot;&gt;2. Prepare your environment&lt;/h2&gt;

&lt;p&gt;Installing the sample client requires Docker, Docker-compose, and VirtualBox. VirtualBox enables Linux virtual machines to be run on your machine.&lt;/p&gt;

&lt;p&gt;This blog post is based on installing on MacOS. We assume you are comfortable with working in a terminal session on a Linux Server or your Mac.&lt;/p&gt;

&lt;p&gt;The first step is to download and install the &lt;a href=&quot;https://store.docker.com/search?type=edition&amp;amp;offering=community&quot;&gt;Docker&lt;/a&gt; package (on MacOS and Windows Docker and Docker-Compose are bundled in one package).&lt;/p&gt;

&lt;h2 id=&quot;3-get-the-ruby-on-rails-code-from-github&quot;&gt;3. Get the Ruby on Rails Code from GitHub&lt;/h2&gt;

&lt;p&gt;After installing Docker, the next step is to create a folder for the client code and pull the latest version of the code from GitHub.&lt;/p&gt;

&lt;div class=&quot;language-bash highlighter-rouge&quot;&gt;&lt;div class=&quot;highlight&quot;&gt;&lt;pre class=&quot;highlight&quot;&gt;&lt;code&gt;mkdir ~/Dev
&lt;span class=&quot;nb&quot;&gt;cd&lt;/span&gt; ~/Dev
git clone https://github.com/CMSgov/bluebutton-sample-client-rails.git
&lt;span class=&quot;nb&quot;&gt;cd &lt;/span&gt;bluebutton-sample-client-rails
&lt;/code&gt;&lt;/pre&gt;&lt;/div&gt;&lt;/div&gt;

&lt;h2 id=&quot;4-configure-the-application-credentials&quot;&gt;4. Configure the Application Credentials&lt;/h2&gt;
&lt;p&gt;Copy a sample configuration file and then edit the file:&lt;/p&gt;
&lt;div class=&quot;language-bash highlighter-rouge&quot;&gt;&lt;div class=&quot;highlight&quot;&gt;&lt;pre class=&quot;highlight&quot;&gt;&lt;code&gt;cp config/local_env_sample.yml config/local_env.yml
&lt;/code&gt;&lt;/pre&gt;&lt;/div&gt;&lt;/div&gt;
&lt;p&gt;Open the &lt;code class=&quot;highlighter-rouge&quot;&gt;config/local_env.yml&lt;/code&gt; file in the editor of your choice.&lt;/p&gt;

&lt;p&gt;Update the following entries in the development section of &lt;code class=&quot;highlighter-rouge&quot;&gt;config/local_env.yml&lt;/code&gt; with your application’s client id and secret:&lt;/p&gt;

&lt;div class=&quot;language-bash highlighter-rouge&quot;&gt;&lt;div class=&quot;highlight&quot;&gt;&lt;pre class=&quot;highlight&quot;&gt;&lt;code&gt;    BB_CLIENT_ID: &lt;span class=&quot;s2&quot;&gt;&quot;&amp;lt;enter client id here&amp;gt;&quot;&lt;/span&gt;
    BB_CLIENT_SECRET: &lt;span class=&quot;s2&quot;&gt;&quot;&amp;lt;enter client secret here&amp;gt;&quot;&lt;/span&gt;
&lt;/code&gt;&lt;/pre&gt;&lt;/div&gt;&lt;/div&gt;

&lt;p&gt;Replace &lt;code class=&quot;highlighter-rouge&quot;&gt;&amp;lt;your_client_id&amp;gt;&lt;/code&gt; and &lt;code class=&quot;highlighter-rouge&quot;&gt;&amp;lt;your_client_secret&amp;gt;&lt;/code&gt; with the Client ID and Client Secret values for the application you registered.&lt;/p&gt;

&lt;p&gt;Save the file.&lt;/p&gt;

&lt;h2 id=&quot;5-launch-the-virtual-machine&quot;&gt;5. Launch the Virtual Machine&lt;/h2&gt;

&lt;p&gt;Make sure Docker is running. Go to the terminal window (still open) and make sure you are in the top-level directory for the sample client code:&lt;/p&gt;

&lt;div class=&quot;language-bash highlighter-rouge&quot;&gt;&lt;div class=&quot;highlight&quot;&gt;&lt;pre class=&quot;highlight&quot;&gt;&lt;code&gt;&lt;span class=&quot;nb&quot;&gt;cd&lt;/span&gt; ~/Dev/bluebutton-sample-client-rails
docker-compose up
&lt;/code&gt;&lt;/pre&gt;&lt;/div&gt;&lt;/div&gt;

&lt;p&gt;When you build the Docker image for the first time, it will run through an eight-step build process. This can take about 5 minutes. Time to make a cup of tea…&lt;/p&gt;

&lt;p&gt;The process will be complete when you see messages that look something like this:&lt;/p&gt;

&lt;div class=&quot;language-bash highlighter-rouge&quot;&gt;&lt;div class=&quot;highlight&quot;&gt;&lt;pre class=&quot;highlight&quot;&gt;&lt;code&gt;Creating bluebutton-sample-client-rails_web_1 ... &lt;span class=&quot;k&quot;&gt;done
&lt;/span&gt;Attaching to bluebutton-sample-client-rails_web_1
&lt;/code&gt;&lt;/pre&gt;&lt;/div&gt;&lt;/div&gt;

&lt;h2 id=&quot;6-open-your-web-browser-and-access-the-client-application&quot;&gt;6. Open your Web Browser and Access the Client Application&lt;/h2&gt;

&lt;p&gt;Open your browser and go to: &lt;code class=&quot;highlighter-rouge&quot;&gt;http://localhost:3000&lt;/code&gt;&lt;/p&gt;

&lt;p&gt;If your application loaded successfully, you will see this screen:&lt;/p&gt;

&lt;p&gt;&lt;img src=&quot;/assets/img/blog/rails-home.png&quot; alt=&quot;Rails Home Screen&quot; /&gt;&lt;/p&gt;

&lt;p&gt;Click on the “Click here to authorize!” link and log into the Blue Button 2.0 sandbox using one of the synthetic beneficiary accounts. For example:&lt;/p&gt;

&lt;ul&gt;
  &lt;li&gt;User: &lt;strong&gt;BBUser12345&lt;/strong&gt;&lt;/li&gt;
  &lt;li&gt;Password: &lt;strong&gt;PW12345!&lt;/strong&gt;&lt;/li&gt;
&lt;/ul&gt;

&lt;p&gt;After authenticating and authorizing your application, you should be returned to the Sample App information screen. See the example below:&lt;/p&gt;

&lt;p&gt;&lt;img src=&quot;/assets/img/blog/rails-info.png&quot; alt=&quot;Angular Info Screen&quot; /&gt;&lt;/p&gt;

&lt;p&gt;From this page you can click on links to various Blue Button 2.0 resources such as:&lt;/p&gt;
&lt;ul&gt;
  &lt;li&gt;Patient&lt;/li&gt;
  &lt;li&gt;Coverage&lt;/li&gt;
  &lt;li&gt;ExplanationOfBenefit&lt;/li&gt;
&lt;/ul&gt;

&lt;p&gt;The sample application provides sample code for the behind-the-scenes tasks involved in interacting with the secure Blue Button 2.0 FHIR-based API, &lt;em&gt;not&lt;/em&gt; a slick user interface. We leave that to you as developers.&lt;/p&gt;

&lt;p&gt;However, if you are interested in implementing an interface that is accessible for people with disabilities, what is often referred to as “508-compliant,” then check out the &lt;a href=&quot;https://design.cms.gov&quot;&gt;CMS Design System&lt;/a&gt;. This site offers a set of open source design and front-end development resources for creating Section 508 compliant, responsive, and consistent websites, building on the U.S. Web Design Standards.&lt;/p&gt;

&lt;p&gt;As always, we welcome your comments and feedback. Just head over to the
&lt;a href=&quot;https://groups.google.com/forum/#!forum/developer-group-for-cms-blue-button-api&quot;&gt;Google Support Forum&lt;/a&gt; and post a message there.&lt;/p&gt;

&lt;hr /&gt;
&lt;h2 id=&quot;earlier-blog-posts&quot;&gt;Earlier Blog Posts&lt;/h2&gt;

&lt;p&gt;&lt;a href=&quot;/blog/&quot;&gt;Blog Index&lt;/a&gt;&lt;/p&gt;

&lt;h2 id=&quot;latest&quot;&gt;Latest&lt;/h2&gt;
&lt;p&gt;&lt;a href=&quot;/blog/category/latest.html&quot;&gt;Category:Latest&lt;/a&gt;&lt;/p&gt;

&lt;h2 id=&quot;general&quot;&gt;General&lt;/h2&gt;
&lt;p&gt;&lt;a href=&quot;/blog/category/general.html&quot;&gt;Category:General&lt;/a&gt;&lt;/p&gt;

&lt;h2 id=&quot;code&quot;&gt;Code&lt;/h2&gt;
&lt;p&gt;&lt;a href=&quot;/blog/category/code.html&quot;&gt;Category:Code&lt;/a&gt;&lt;/p&gt;
</description>
            <pubDate>Tue, 18 Dec 2018 07:30:00 -0500</pubDate>
            <link>https://bluebutton.cms.gov/blog/Install-a-ruby-on-rails-client-app.html</link>
            <guid isPermaLink="true">https://bluebutton.cms.gov/blog/Install-a-ruby-on-rails-client-app.html</guid>
        </item>
        
        <item>
            <title>Install an Angular Client App</title>
            <description>&lt;p&gt;This is the second in a &lt;a href=&quot;https://bluebutton.cms.gov/blog/More-Sample-Applications.html&quot;&gt;series of posts&lt;/a&gt; in which we work step-by-step through installing, configuring, and running our new sample applications.&lt;/p&gt;

&lt;p&gt;Today we will focus on the Angular client.&lt;/p&gt;

&lt;p&gt;Installing and running the client involves six steps:&lt;/p&gt;
&lt;ol&gt;
  &lt;li&gt;Get the code&lt;/li&gt;
  &lt;li&gt;Prepare your environment&lt;/li&gt;
  &lt;li&gt;Get your sandbox credentials&lt;/li&gt;
  &lt;li&gt;Configure your sample application&lt;/li&gt;
  &lt;li&gt;Install and launch your application&lt;/li&gt;
  &lt;li&gt;Open your browser and access the client application&lt;/li&gt;
&lt;/ol&gt;

&lt;h2 id=&quot;1-get-the-code&quot;&gt;1. Get the Code&lt;/h2&gt;

&lt;p&gt;You can get the code for the Angular client app here:
&lt;a href=&quot;https://github.com/CMSgov/bluebutton-sample-client-angular&quot;&gt;https://github.com/CMSgov/bluebutton-sample-client-angular&lt;/a&gt;&lt;/p&gt;

&lt;p&gt;Installing the application on your own desktop is a quick and easy process that is well documented in the &lt;a href=&quot;https://github.com/CMSgov/bluebutton-sample-client-angular/blob/master/README.md&quot;&gt;README.md&lt;/a&gt; file.&lt;/p&gt;

&lt;p&gt;For this post, we assume you are installing the application on a MacBook Pro running a current version of MacOS. Therefore, we will be using a unix-style shell for terminal access.&lt;/p&gt;

&lt;h2 id=&quot;2-prepare-your-environment&quot;&gt;2. Prepare Your Environment&lt;/h2&gt;

&lt;p&gt;Installing the sample client requires the Node Package Manager (npm). The Node Package Manager (npm) is installed with Node.js.&lt;/p&gt;

&lt;p&gt;Here are the steps to go through to install this application on MacOS.
For this post, we assume you are comfortable with working in a terminal session on a Linux Server or your Mac.&lt;/p&gt;

&lt;ul&gt;
  &lt;li&gt;Download the Node package&lt;/li&gt;
  &lt;li&gt;Run the Node install package&lt;/li&gt;
&lt;/ul&gt;

&lt;p&gt;After installing, open a terminal and check the npm version to confirm it is installed.&lt;/p&gt;

&lt;div class=&quot;language-bash highlighter-rouge&quot;&gt;&lt;div class=&quot;highlight&quot;&gt;&lt;pre class=&quot;highlight&quot;&gt;&lt;code&gt;npm &lt;span class=&quot;nt&quot;&gt;-v&lt;/span&gt;
&lt;/code&gt;&lt;/pre&gt;&lt;/div&gt;&lt;/div&gt;

&lt;p&gt;npm is updated frequently. Even if you have just installed Node.js, run an npm update:&lt;/p&gt;

&lt;div class=&quot;language-bash highlighter-rouge&quot;&gt;&lt;div class=&quot;highlight&quot;&gt;&lt;pre class=&quot;highlight&quot;&gt;&lt;code&gt;npm install npm@latest &lt;span class=&quot;nt&quot;&gt;-g&lt;/span&gt;
&lt;/code&gt;&lt;/pre&gt;&lt;/div&gt;&lt;/div&gt;

&lt;p&gt;&lt;strong&gt;For help installing on other platforms, check out: &lt;a href=&quot;For help installing on other platforms, check out: Installing Node Package Manager&quot;&gt;Installing Node Package Manager&lt;/a&gt;.&lt;/strong&gt;&lt;/p&gt;

&lt;p&gt;After installing Node.js/npm the next step is to create a folder for the client code and pull the latest version of the code from GitHub.&lt;/p&gt;

&lt;div class=&quot;language-bash highlighter-rouge&quot;&gt;&lt;div class=&quot;highlight&quot;&gt;&lt;pre class=&quot;highlight&quot;&gt;&lt;code&gt;mkdir ~/Dev
&lt;span class=&quot;nb&quot;&gt;cd&lt;/span&gt; ~/Dev
git clone https://github.com/CMSgov/bluebutton-sample-client-angular.git
&lt;span class=&quot;nb&quot;&gt;cd &lt;/span&gt;bluebutton-sample-client-angular
&lt;/code&gt;&lt;/pre&gt;&lt;/div&gt;&lt;/div&gt;

&lt;h2 id=&quot;3-get-your-sandbox-credentials&quot;&gt;3. Get Your Sandbox Credentials&lt;/h2&gt;

&lt;p&gt;Anyone can register for an account in the Blue Button 2.0 Developer sandbox. Go to &lt;a href=&quot;https://bluebutton.cms.gov&quot;&gt;https://bluebutton.cms.gov&lt;/a&gt; and click on the
“Sign up for the Developer Sandbox” link to create an account.&lt;/p&gt;

&lt;p&gt;You will receive an email notification that your account has been created.
&lt;strong&gt;Click on the link in the email to validate and activate your account.&lt;/strong&gt;
Then you can log in at &lt;a href=&quot;https://sandbox.bluebutton.cms.gov&quot;&gt;https://sandbox.bluebutton.cms.gov&lt;/a&gt;.&lt;/p&gt;

&lt;p&gt;Once you log into your Developer Sandbox account, you can create an application. Click on “&lt;a href=&quot;https://sandbox.bluebutton.cms.gov/v1/o/applications/&quot;&gt;Application Registration&lt;/a&gt;” and “&lt;a href=&quot;https://sandbox.bluebutton.cms.gov/v1/o/applications/register/&quot;&gt;Register a New Application&lt;/a&gt;”. Give your application a descriptive name. For example: “My Organization’s Claims Analyzer.”&lt;/p&gt;

&lt;p&gt;Set the Client Type and Authorization Grant fields as follows:&lt;/p&gt;

&lt;ul&gt;
  &lt;li&gt;Client Type: “Confidential”&lt;/li&gt;
  &lt;li&gt;Authorization Grant: “Authorization Code”&lt;/li&gt;
&lt;/ul&gt;

&lt;p&gt;The Redirect URIs field is where you can enter multiple URIs separated by a space, or on a new line / carriage return / Enter key. You will need the path to an endpoint where your application will be listening for a request from our API to provide you the results of an authorization request.&lt;/p&gt;

&lt;p&gt;For the Angular client application, we are installing the callback path for the &lt;code class=&quot;highlighter-rouge&quot;&gt;redirect_uri&lt;/code&gt; which is: &lt;strong&gt;http://localhost:8082/login&lt;/strong&gt;&lt;/p&gt;

&lt;p&gt;&lt;strong&gt;The above redirect_uri setting is critically important.&lt;/strong&gt; If this does not match the IP address or domain name and path that your application is responding to, you will get an &lt;code class=&quot;highlighter-rouge&quot;&gt;“Error: invalid_request”&lt;/code&gt; after authorizing a user.&lt;/p&gt;

&lt;p&gt;Copy the &lt;strong&gt;Client ID&lt;/strong&gt; and &lt;strong&gt;Client Secret&lt;/strong&gt; values. You will need these to set up your application. Fill out the other fields in the
form and click “Save.”&lt;/p&gt;

&lt;h2 id=&quot;4-configure-your-sample-application&quot;&gt;4. Configure Your Sample Application&lt;/h2&gt;

&lt;p&gt;Open the &lt;code class=&quot;highlighter-rouge&quot;&gt;src/app/_services/remoteappinfo.service.ts&lt;/code&gt; file in the editor of your choice.&lt;/p&gt;

&lt;p&gt;Look for the following lines in the file:&lt;/p&gt;

&lt;div class=&quot;language-ts highlighter-rouge&quot;&gt;&lt;div class=&quot;highlight&quot;&gt;&lt;pre class=&quot;highlight&quot;&gt;&lt;code&gt;&lt;span class=&quot;s1&quot;&gt;'client_id'&lt;/span&gt;&lt;span class=&quot;p&quot;&gt;:&lt;/span&gt; &lt;span class=&quot;s2&quot;&gt;&quot;&amp;lt;your_client_id&amp;gt;&quot;&lt;/span&gt;&lt;span class=&quot;p&quot;&gt;,&lt;/span&gt;
&lt;span class=&quot;s1&quot;&gt;'client_secret'&lt;/span&gt;&lt;span class=&quot;p&quot;&gt;:&lt;/span&gt; &lt;span class=&quot;s2&quot;&gt;&quot;&amp;lt;your_client_secret&amp;gt;&quot;&lt;/span&gt;&lt;span class=&quot;p&quot;&gt;,&lt;/span&gt;
&lt;/code&gt;&lt;/pre&gt;&lt;/div&gt;&lt;/div&gt;

&lt;p&gt;Replace &lt;code class=&quot;highlighter-rouge&quot;&gt;&amp;lt;yourclientid&amp;gt;&lt;/code&gt; and &lt;code class=&quot;highlighter-rouge&quot;&gt;&amp;lt;yourclientsecret&amp;gt;&lt;/code&gt; with the Client ID and Client Secret values for the application you registered.&lt;/p&gt;

&lt;p&gt;Save the file.&lt;/p&gt;

&lt;h2 id=&quot;5-install-and-launch-your-application&quot;&gt;5. Install and Launch Your Application&lt;/h2&gt;

&lt;p&gt;Launching the application is a two-step process:&lt;/p&gt;

&lt;ol&gt;
  &lt;li&gt;Install (only required the first time)&lt;/li&gt;
  &lt;li&gt;Run the angular code&lt;/li&gt;
&lt;/ol&gt;

&lt;p&gt;The commands for this are:&lt;/p&gt;

&lt;div class=&quot;language-bash highlighter-rouge&quot;&gt;&lt;div class=&quot;highlight&quot;&gt;&lt;pre class=&quot;highlight&quot;&gt;&lt;code&gt;npm install &lt;span class=&quot;c&quot;&gt;#(first time only)&lt;/span&gt;
&lt;/code&gt;&lt;/pre&gt;&lt;/div&gt;&lt;/div&gt;

&lt;div class=&quot;language-bash highlighter-rouge&quot;&gt;&lt;div class=&quot;highlight&quot;&gt;&lt;pre class=&quot;highlight&quot;&gt;&lt;code&gt;npm start
&lt;/code&gt;&lt;/pre&gt;&lt;/div&gt;&lt;/div&gt;

&lt;h2 id=&quot;6-open-your-browser-and-access-the-client-application&quot;&gt;6. Open Your Browser and Access the Client Application&lt;/h2&gt;

&lt;p&gt;Now open your browser and go to: &lt;code class=&quot;highlighter-rouge&quot;&gt;http://localhost:8082/login&lt;/code&gt;&lt;/p&gt;

&lt;p&gt;If your application loaded successfully, you will see this screen:&lt;/p&gt;

&lt;p&gt;&lt;img src=&quot;/assets/img/blog/angular-login.png&quot; alt=&quot;Angular Login Screen&quot; /&gt;&lt;/p&gt;

&lt;p&gt;Click on the “Connect to CMS Medicare Blue Button 2.0” button and log into the Blue Button 2.0 sandbox using one of the synthetic beneficiary accounts. For example:&lt;/p&gt;

&lt;ul&gt;
  &lt;li&gt;User: &lt;code class=&quot;highlighter-rouge&quot;&gt;BBUser12345&lt;/code&gt;&lt;/li&gt;
  &lt;li&gt;Password: &lt;code class=&quot;highlighter-rouge&quot;&gt;PW12345!&lt;/code&gt;&lt;/li&gt;
&lt;/ul&gt;

&lt;p&gt;After authenticating and authorizing your application, you should be returned to the Sample App login screen. The next step is to log in to the Angular client app using:&lt;/p&gt;

&lt;ul&gt;
  &lt;li&gt;User: &lt;code class=&quot;highlighter-rouge&quot;&gt;test&lt;/code&gt;&lt;/li&gt;
  &lt;li&gt;Password: &lt;code class=&quot;highlighter-rouge&quot;&gt;test&lt;/code&gt;&lt;/li&gt;
&lt;/ul&gt;

&lt;p&gt;This should load a detail page with information taken from an &lt;code class=&quot;highlighter-rouge&quot;&gt;ExplanationOfBenefit&lt;/code&gt; resource. See the example below:&lt;/p&gt;

&lt;p&gt;&lt;img src=&quot;/assets/img/blog/angular-detail.png&quot; alt=&quot;Angular Detail Screen&quot; /&gt;&lt;/p&gt;

&lt;p&gt;The sample application provides sample code for the behind-the-scenes tasks involved in interacting with the secure Blue Button 2.0 FHIR-based API, not a slick user interface. We leave that to you as developers.&lt;/p&gt;

&lt;p&gt;However, if you are interested in implementing an interface that is accessible for people with disabilities, what is often referred to as “508-compliant,” then check out the &lt;a href=&quot;https://design.cms.gov/&quot;&gt;CMS Design System&lt;/a&gt;. This site offers a set of open source design and front-end development resources for creating Section 508 compliant, responsive, and consistent websites, building on the U.S. Web Design Standards.&lt;/p&gt;

&lt;p&gt;As always, we welcome your comments and feedback. Just head over to the Google Support Forum and post a message there.&lt;/p&gt;

&lt;hr /&gt;
&lt;h2 id=&quot;earlier-blog-posts&quot;&gt;Earlier Blog Posts&lt;/h2&gt;

&lt;p&gt;&lt;a href=&quot;/blog/&quot;&gt;Blog Index&lt;/a&gt;&lt;/p&gt;

&lt;h2 id=&quot;latest&quot;&gt;Latest&lt;/h2&gt;
&lt;p&gt;&lt;a href=&quot;/blog/category/latest.html&quot;&gt;Category:Latest&lt;/a&gt;&lt;/p&gt;

&lt;h2 id=&quot;general&quot;&gt;General&lt;/h2&gt;
&lt;p&gt;&lt;a href=&quot;/blog/category/general.html&quot;&gt;Category:General&lt;/a&gt;&lt;/p&gt;

&lt;h2 id=&quot;code&quot;&gt;Code&lt;/h2&gt;
&lt;p&gt;&lt;a href=&quot;/blog/category/code.html&quot;&gt;Category:Code&lt;/a&gt;&lt;/p&gt;
</description>
            <pubDate>Thu, 13 Dec 2018 07:30:00 -0500</pubDate>
            <link>https://bluebutton.cms.gov/blog/install-an-angular-client-app.html</link>
            <guid isPermaLink="true">https://bluebutton.cms.gov/blog/install-an-angular-client-app.html</guid>
        </item>
        
    </channel>
</rss>